{
	"info": {
		"_postman_id": "69b249ea-a87f-4e88-b7a8-6ca9a01fa740",
		"name": "Microservice",
		"schema": "https://schema.getpostman.com/json/collection/v2.1.0/collection.json",
		"_exporter_id": "14922776"
	},
	"item": [
		{
			"name": "eureka restful endpoint",
			"request": {
				"method": "GET",
				"header": [],
				"url": {
					"raw": "http://localhost:8761/eureka/apps",
					"protocol": "http",
					"host": [
						"localhost"
					],
					"port": "8761",
					"path": [
						"eureka",
						"apps"
					]
				}
			},
			"response": []
		},
		{
			"name": "get all users",
			"request": {
				"method": "GET",
				"header": [],
				"url": {
					"raw": "localhost:9000/user-service/user",
					"host": [
						"localhost"
					],
					"port": "9000",
					"path": [
						"user-service",
						"user"
					]
				}
			},
			"response": []
		},
		{
			"name": "get all houses",
			"request": {
				"method": "GET",
				"header": [],
				"url": {
					"raw": "localhost:9000/housing-service/housing",
					"host": [
						"localhost"
					],
					"port": "9000",
					"path": [
						"housing-service",
						"housing"
					]
				}
			},
			"response": []
		},
		{
			"name": "get all users and houses",
			"request": {
				"method": "GET",
				"header": [],
				"url": {
					"raw": "localhost:9000/composite-service/composite",
					"host": [
						"localhost"
					],
					"port": "9000",
					"path": [
						"composite-service",
						"composite"
					]
				}
			},
			"response": []
		},
		{
			"name": "get all users and houses rest",
			"request": {
				"method": "GET",
				"header": [],
				"url": {
					"raw": "localhost:8083/composite-service/composite/rest",
					"host": [
						"localhost"
					],
					"port": "8083",
					"path": [
						"composite-service",
						"composite",
						"rest"
					]
				}
			},
			"response": []
		}
	]
}