{
	"info": {
		"_postman_id": "fc22c7e1-a177-4ffd-8bd3-ae8893a7cb3e",
		"name": "Actuator",
		"schema": "https://schema.getpostman.com/json/collection/v2.1.0/collection.json",
		"_exporter_id": "14922776"
	},
	"item": [
		{
			"name": "health",
			"request": {
				"method": "GET",
				"header": [],
				"url": {
					"raw": "localhost:8080/actuator/health",
					"host": [
						"localhost"
					],
					"port": "8080",
					"path": [
						"actuator",
						"health"
					]
				}
			},
			"response": []
		},
		{
			"name": "actuator",
			"request": {
				"method": "GET",
				"header": [],
				"url": {
					"raw": "localhost:8080/actuator",
					"host": [
						"localhost"
					],
					"port": "8080",
					"path": [
						"actuator"
					]
				}
			},
			"response": []
		},
		{
			"name": "beans",
			"request": {
				"method": "GET",
				"header": [],
				"url": {
					"raw": "localhost:8080/actuator/beans",
					"host": [
						"localhost"
					],
					"port": "8080",
					"path": [
						"actuator",
						"beans"
					]
				}
			},
			"response": []
		},
		{
			"name": "mappings",
			"request": {
				"method": "GET",
				"header": [],
				"url": {
					"raw": "localhost:8080/actuator/mappings",
					"host": [
						"localhost"
					],
					"port": "8080",
					"path": [
						"actuator",
						"mappings"
					]
				}
			},
			"response": []
		},
		{
			"name": "metrics",
			"request": {
				"method": "GET",
				"header": [],
				"url": {
					"raw": "localhost:8080/actuator/metrics",
					"host": [
						"localhost"
					],
					"port": "8080",
					"path": [
						"actuator",
						"metrics"
					]
				}
			},
			"response": []
		},
		{
			"name": "specific metrics",
			"request": {
				"method": "GET",
				"header": [],
				"url": {
					"raw": "localhost:8080/actuator/metrics/jvm.threads.live",
					"host": [
						"localhost"
					],
					"port": "8080",
					"path": [
						"actuator",
						"metrics",
						"jvm.threads.live"
					]
				}
			},
			"response": []
		}
	]
}