{
	"info": {
		"_postman_id": "ee91a7b2-0570-4e99-aa0c-75eaac748b19",
		"name": "MongoRestful",
		"schema": "https://schema.getpostman.com/json/collection/v2.1.0/collection.json",
		"_exporter_id": "10239140"
	},
	"item": [
		{
			"name": "find All Owners",
			"request": {
				"method": "GET",
				"header": [],
				"url": {
					"raw": "http://localhost:8080/api/all-owners",
					"protocol": "http",
					"host": [
						"localhost"
					],
					"port": "8080",
					"path": [
						"api",
						"all-owners"
					]
				}
			},
			"response": []
		},
		{
			"name": "get swagger",
			"request": {
				"method": "GET",
				"header": [],
				"url": {
					"raw": "http://localhost:8080/v2/api-docs",
					"protocol": "http",
					"host": [
						"localhost"
					],
					"port": "8080",
					"path": [
						"v2",
						"api-docs"
					]
				}
			},
			"response": []
		},
		{
			"name": "find Owner by Id",
			"request": {
				"method": "GET",
				"header": [],
				"url": {
					"raw": "http://localhost:8080/api/owner/1",
					"protocol": "http",
					"host": [
						"localhost"
					],
					"port": "8080",
					"path": [
						"api",
						"owner",
						"1"
					]
				}
			},
			"response": []
		},
		{
			"name": "Delete owner by Id",
			"request": {
				"method": "DELETE",
				"header": [],
				"url": {
					"raw": "http://localhost:8080/api/owner/3",
					"protocol": "http",
					"host": [
						"localhost"
					],
					"port": "8080",
					"path": [
						"api",
						"owner",
						"3"
					]
				}
			},
			"response": []
		},
		{
			"name": "save Or Update Owner",
			"request": {
				"method": "POST",
				"header": [],
				"body": {
					"mode": "raw",
					"raw": "{\n    \"id\":\"1\",\n    \"name\":\"Ping\",\n    \"pets\":[{\"name\":\"Dogy\", \"species\":\"cat\" }, \n    {\"name\":\"Caty\", \"species\":\"dog\" }]\n}",
					"options": {
						"raw": {
							"language": "json"
						}
					}
				},
				"url": {
					"raw": "http://localhost:8080/api/owner",
					"protocol": "http",
					"host": [
						"localhost"
					],
					"port": "8080",
					"path": [
						"api",
						"owner"
					]
				}
			},
			"response": []
		},
		{
			"name": "adding Pet to owner by id",
			"request": {
				"method": "PUT",
				"header": [],
				"body": {
					"mode": "raw",
					"raw": "{\n    \"name\":\"Jimmy\",\n    \"species\": \"Dog\"\n}",
					"options": {
						"raw": {
							"language": "json"
						}
					}
				},
				"url": {
					"raw": "http://localhost:8080/api/owner/1/pet",
					"protocol": "http",
					"host": [
						"localhost"
					],
					"port": "8080",
					"path": [
						"api",
						"owner",
						"1",
						"pet"
					]
				}
			},
			"response": []
		}
	]
}