{
	"info": {
		"_postman_id": "83eb9a07-6c3f-4ab9-8798-931beb4f0f09",
		"name": "PersonalProjectRestful",
		"schema": "https://schema.getpostman.com/json/collection/v2.1.0/collection.json",
		"_exporter_id": "10239140"
	},
	"item": [
		{
			"name": "Get all Users",
			"protocolProfileBehavior": {
				"disableBodyPruning": true
			},
			"request": {
				"method": "GET",
				"header": [],
				"body": {
					"mode": "raw",
					"raw": "",
					"options": {
						"raw": {
							"language": "text"
						}
					}
				},
				"url": {
					"raw": "http://localhost:8080/user",
					"protocol": "http",
					"host": [
						"localhost"
					],
					"port": "8080",
					"path": [
						"user"
					]
				}
			},
			"response": []
		},
		{
			"name": "Get User by id",
			"protocolProfileBehavior": {
				"disableBodyPruning": true
			},
			"request": {
				"method": "GET",
				"header": [],
				"body": {
					"mode": "raw",
					"raw": "{\n        \"userId\": null,\n        \"firstName\": \"Kristine\",\n        \"lastName\": \"Littrell\",\n        \"email\": \"kelsi_vol@gmail.com\",\n        \"password\": \"moH2sah9ai\",\n        \"phone\": \"(215)577-7145\",\n        \"faceUrl\": \"https://fakeperson-face.oss-us-west-1.aliyuncs.com/Face/female/female20171026073158722.jpg\",\n        \"addressId\": 1\n    }",
					"options": {
						"raw": {
							"language": "json"
						}
					}
				},
				"url": {
					"raw": "http://localhost:8080/user/3",
					"protocol": "http",
					"host": [
						"localhost"
					],
					"port": "8080",
					"path": [
						"user",
						"3"
					]
				}
			},
			"response": []
		},
		{
			"name": "Get All Quiz by user id",
			"request": {
				"method": "GET",
				"header": [],
				"url": {
					"raw": "http://localhost:8080/quiz/user/2",
					"protocol": "http",
					"host": [
						"localhost"
					],
					"port": "8080",
					"path": [
						"quiz",
						"user",
						"2"
					]
				}
			},
			"response": []
		},
		{
			"name": "Get All Quiz",
			"request": {
				"method": "GET",
				"header": [],
				"url": {
					"raw": "http://localhost:8080/quiz/user/2",
					"protocol": "http",
					"host": [
						"localhost"
					],
					"port": "8080",
					"path": [
						"quiz",
						"user",
						"2"
					]
				}
			},
			"response": []
		},
		{
			"name": "Change user status",
			"request": {
				"method": "PATCH",
				"header": [],
				"url": {
					"raw": "http://localhost:8080/user/63/status?activate=false",
					"protocol": "http",
					"host": [
						"localhost"
					],
					"port": "8080",
					"path": [
						"user",
						"63",
						"status"
					],
					"query": [
						{
							"key": "activate",
							"value": "false"
						}
					]
				}
			},
			"response": []
		},
		{
			"name": "Delete User by Id",
			"request": {
				"method": "DELETE",
				"header": [],
				"url": {
					"raw": "http://localhost:8080/user/64",
					"protocol": "http",
					"host": [
						"localhost"
					],
					"port": "8080",
					"path": [
						"user",
						"64"
					]
				}
			},
			"response": []
		},
		{
			"name": "Create a new user",
			"request": {
				"method": "POST",
				"header": [],
				"body": {
					"mode": "raw",
					"raw": "{\n        \"userId\": null,\n        \"firstName\": \"Kristine\",\n        \"lastName\": \"Littrell\",\n        \"email\": \"kelsi@gmail.com\",\n        \"password\": \"moH2sah9ai\",\n        \"phone\": \"(215)577-7145\",\n        \"faceUrl\": \"https://fakeperson-face.oss-us-west-1.aliyuncs.com/Face/female/female20171026073158722.jpg\",\n        \"addressId\": 2\n    }",
					"options": {
						"raw": {
							"language": "json"
						}
					}
				},
				"url": {
					"raw": "http://localhost:8080/user",
					"protocol": "http",
					"host": [
						"localhost"
					],
					"port": "8080",
					"path": [
						"user"
					]
				}
			},
			"response": []
		}
	]
}